<?xml version="1.0" encoding="UTF-8" standalone="yes"?>
<addon id="plugin.video.jiotv" name="JioTV" version="2.3.19~5may25" provider-name="ankush">
    <requires>
        <import addon="xbmc.python" version="3.0.1"/>
        <import addon="script.module.codequick" version="1.0.2"/>
        <import addon="script.module.inputstreamhelper" version="0.5.10"/>
        <import addon="script.module.requests"/>
        <import addon="inputstream.adaptive" minversion="2.6.6"/>
        <import addon="script.module.m3u8" version="0.5.4"/>
        <import addon="script.module.xmltodict" version="0.12.0"/>
    </requires>
    <extension point="xbmc.python.pluginsource" library="addon.py">
        <provides>video</provides>
    </extension>
    <extension point="xbmc.service" library="service.py"/>
    <extension point="xbmc.addon.metadata">
        <summary lang="en">Watch JioTV channels on Kodi</summary>
        <description lang="en">This add-on allows you to stream JioTV channels directly on Kodi. It supports live TV, catch-up TV, and EPG integration.</description>
        <disclaimer lang="en">This add-on is not affiliated with or endorsed by JioTV. Use at your own risk.</disclaimer>
        <assets>
            <icon>resources/icon.png</icon>
            <fanart>resources/icon.png</fanart>
        </assets>
    </extension>
</addon>